product,origin_city,origin_state,origin_lat,origin_lng,destination_city,destination_state,destination_lat,destination_lng
Light bulbs,Sikeston,MO,36.876719,-89.5878579,Grapevine,TX,32.9342919,-97.0780654
Recyclables,Christiansburg,VA,37.1298517,-80.4089389,Apopka,FL,28.6934076,-81.5322149
Apples,Columbus,OH,39.9611755,-82.99879419999999,Woodland,CA,38.67851570000001,-121.7732971
Wood,Hebron,KY,39.0661472,-84.70318879999999,Jefferson,LA,29.96603709999999,-90.1531298
Cell phones,Hickory,NC,35.7344538,-81.3444573,La Pine,OR,43.67039949999999,-121.503636
Wood,Northfield,MN,44.4582983,-93.161604,Waukegan,IL,42.3636331,-87.84479379999999
Oranges,Fort Madison,IA,40.6297634,-91.31453499999999,Ottawa,IL,41.3455892,-88.8425769
